{"train/train_runtime": 6425.9018, "train/train_samples_per_second": 0.801, "train/train_steps_per_second": 0.025, "train/total_flos": 338876958790656.0, "train/train_loss": 0.04392485265378599, "train/epoch": 3.0, "train/global_step": 162, "_timestamp": 1680647777.3639739, "_runtime": 6359.136081933975, "_step": 0, "_wandb": {"runtime": 6359}}